<!DOCTYPE site PUBLIC "-//W3C//DTD XHTML 1.0 Transitional//EN" "http://www.w3.org/TR/xhtml1/DTD/xhtml1-transitional.dtd">

<site id='root'>

 <!-- ~~~~~~~~~~~~~~~~~~~~~~~~~~~~~~~~~~~~~~~~~~~~~~~~~~~~~~~~~~~~ -->
 <!-- Site template                                                -->
 <!-- ~~~~~~~~~~~~~~~~~~~~~~~~~~~~~~~~~~~~~~~~~~~~~~~~~~~~~~~~~~~~ -->
 <template id="template.default">

<html>
 <head>
  <!-- Favicon -->
  <link rel="icon" href="%pathto:root;images/vl_blue.ico" type="image/x-icon"/>
  <link rel="shortcut icon" href="%pathto:root;images/vl_blue.ico" type="image/x-icon"/>

  <!-- Stylesheets -->
  <link href="%pathto:root;vlbenchmarks.css" rel="stylesheet" type="text/css"/>
  <link href="%pathto:root;pygmentize.css" rel="stylesheet" type="text/css"/>
  <title>VLBennchmarks - %path;</title>
  %pagestyle;

  <!-- Scripts-->
  %pagescript;

  <!-- Google Custom Search -->
  <script type="text/javascript">
    (function() {
    var cx = '003215582122030917471:t0szrgobg0u';
    var gcse = document.createElement('script'); gcse.type = 'text/javascript'; gcse.async = true;
    gcse.src = (document.location.protocol == 'https:' ? 'https:' : 'http:') +
    '//www.google.com/cse/cse.js?cx=' + cx;
    var s = document.getElementsByTagName('script')[0]; s.parentNode.insertBefore(gcse, s);
    })();
  </script>

  <!-- Google Analytics -->
  <script type="text/javascript">
    var _gaq = _gaq || [];
    _gaq.push(['_setAccount', 'UA-34681925-1']);
    _gaq.push(['_trackPageview']);
    (function() {
    var ga = document.createElement('script'); ga.type = 'text/javascript'; ga.async = true;
    ga.src = ('https:' == document.location.protocol ? 'https://ssl' : 'http://www') + '.google-analytics.com/ga.js';
    var s = document.getElementsByTagName('script')[0]; s.parentNode.insertBefore(ga, s);
    })();
  </script>
 </head>

 <!-- Body Start -->
 <body>
  <div id="header">
   <!-- Google CSE Search Box -->
   <div class="gcse-searchbox-only" id="google" data-resultsUrl="http://www.vlfeat.org/benchmarks/search.html"></div>

   <!-- <h1>%pagetitle;</h1> -->
   <h1><a href="%pathto:vlbenchmarks;" class="clean">VLBenchmarks</a></h1>
  </div>
  <div id="headerbanner">
    %path;
  </div>
  <div id="pagebody">
   <div id="sidebar"> <!-- Navigation Start -->
    %navigation;
   </div> <!-- sidebar -->
   <div id="content">
    %content;
   </div>
   <div class="clear">&nbsp;</div>
  </div> <!-- pagebody -->
  <div id="footer">
   Copyright &copy; 2005-12 VLBenchmarks Team
  </div> <!-- footer -->
 </body>
</html>

 </template>

 <!-- ~~~~~~~~~~~~~~~~~~~~~~~~~~~~~~~~~~~~~~~~~~~~~~~~~~~~~~~~~~~~ -->
 <!-- Site contents                                                -->
 <!-- ~~~~~~~~~~~~~~~~~~~~~~~~~~~~~~~~~~~~~~~~~~~~~~~~~~~~~~~~~~~~ -->

 <page id="vlbenchmarks" name="index"  title="VLBenchmarks">
   <pagescript src="%pathto:root;assets/hidebib.js"/>
   <pagescript src="http://cdn.mathjax.org/mathjax/latest/MathJax.js?config=TeX-AMS-MML_HTMLorMML"/>
   <include src="index.html"/>

   <page id="vlbenchmarks.license" name="license" title="License">
     <pre><include src="../LICENSE" type="text"/></pre>
   </page>
 </page>

 <dir name="overview">
  <page id="tut" name="tut" title="Tutorials">
   <include src="tutorials.html"/>
   <page id="tut.repeatability" name="repeatability" title="Repeatability">
    <pagescript src="%pathto:root;assets/hidebib.js"/>
    <pagescript src="http://cdn.mathjax.org/mathjax/latest/MathJax.js?config=TeX-AMS-MML_HTMLorMML"/>
    <include src="repeatability.html"/>
   </page>
   <page id="tut.retrieval" name="retrieval" title="Retrieval">
    <pagescript src="%pathto:root;assets/hidebib.js"/>
    <pagescript src="http://cdn.mathjax.org/mathjax/latest/MathJax.js?config=TeX-AMS-MML_HTMLorMML"/>
    <include src="retrieval.html"/>
   </page>
  </page>
 </dir>
 <page id="doc" name="doc" title="Documentation">
  <pagescript src="%pathto:root;assets/hidebib.js"/>
  <pagescript src="http://cdn.mathjax.org/mathjax/latest/MathJax.js?config=TeX-AMS-MML_HTMLorMML"/>
  <include src="documentation.html"/>
 </page>

 <!-- ~~~~~~~~~~~~~~~~~~~~~~~~~~~~~~~~~~~~~~~~~~~~~~~~~~~~~~~~~~~~ -->
 <!-- Helper pages                                                 -->
 <!-- ~~~~~~~~~~~~~~~~~~~~~~~~~~~~~~~~~~~~~~~~~~~~~~~~~~~~~~~~~~~~ -->

 <!-- Generate a not-found page -->
 <page id="notfound" name="notfound" title="404 - Page not found" hide="yes">
   <include src="notfound.html"/>
 </page>

 <!-- Generate an additional page to hold search results -->
 <page name="search" id="search" title="Search" hide="yes">
   <gcse:searchresults-only></gcse:searchresults-only>
 </page>
</site>
